{
    "global_mean": 0.18914423679585624,
    "carrier_rates": {
        "Alaska Airlines Inc.": 0.1639846057459948,
        "Allegiant Air": 0.18975498115239633,
        "American Airlines Inc.": 0.20103481354233996,
        "American Eagle Airlines Inc.": 0.17969324770871,
        "Atlantic Southeast Airlines": 0.23307933662034963,
        "Comair Inc.": 0.193988198089525,
        "Delta Air Lines Inc.": 0.14638496823739616,
        "Endeavor Air Inc.": 0.17432525368777105,
        "Frontier Airlines Inc.": 0.26064493350594325,
        "Hawaiian Airlines Inc.": 0.08694988940584242,
        "JetBlue Airways": 0.2539728877612764,
        "Mesa Airlines Inc.": 0.19544821254560243,
        "Midwest Airline, Inc.": 0.16428116292118802,
        "SkyWest Airlines Inc.": 0.17833870250240758,
        "Southwest Airlines Co.": 0.2090420207347565,
        "Spirit Air Lines": 0.18855424410979968,
        "United Air Lines Inc.": 0.19528367377990793
    },
    "airport_rates": {
        "Adams Field": 0.16385397965290247,
        "Albany International": 0.17905148364189702,
        "Albuquerque International Sunport": 0.16530537608192125,
        "Anchorage International": 0.09922847758001681,
        "Atlanta Municipal": 0.1676924753842241,
        "Austin - Bergstrom International": 0.17805567638103523,
        "Birmingham Airport": 0.17600359496704612,
        "Boise Air Terminal": 0.12375790424570912,
        "Bradley International": 0.15686174810596432,
        "Charleston International": 0.16478593705698893,
        "Chicago Midway International": 0.2658232346565265,
        "Chicago O'Hare International": 0.22459428968150655,
        "Cincinnati/Northern Kentucky International": 0.18154985995241393,
        "Cleveland-Hopkins International": 0.1704089698176176,
        "Dallas Fort Worth Regional": 0.22166437215392168,
        "Dallas Love Field": 0.23732141783717714,
        "Des Moines Municipal": 0.1505217391304348,
        "Detroit Metro Wayne County": 0.1612042818911686,
        "Douglas Municipal": 0.19529236195902863,
        "El Paso International": 0.15936626281453867,
        "Eppley Airfield": 0.1621728117084154,
        "Fort Lauderdale-Hollywood International": 0.22607593817683547,
        "Friendship International": 0.20991943957968476,
        "General Mitchell Field": 0.16010610582160958,
        "Greater Buffalo International": 0.16404865950159442,
        "Greenville-Spartanburg": 0.17221628968061353,
        "Hollywood-Burbank Midpoint": 0.17098903141847926,
        "Honolulu International": 0.1012773220282993,
        "Houston Intercontinental": 0.19298372863325355,
        "Indianapolis Muni/Weir Cook": 0.15944612824627089,
        "Jacksonville International": 0.1598677430436276,
        "James M Cox/Dayton International": 0.1712277553461941,
        "John F. Kennedy International": 0.18806375739307163,
        "Kahului Airport": 0.10715778474399164,
        "Kansas City International": 0.15841321963879032,
        "Keahole": 0.07896067131735922,
        "Kent County": 0.17406453567641267,
        "LaGuardia": 0.22706786171574905,
        "Lambert-St. Louis International": 0.21870466763375715,
        "Lihue Airport": 0.08499214248297537,
        "Logan International": 0.21228216411111325,
        "Long Beach Daugherty Field": 0.1311347448531564,
        "Los Angeles International": 0.18892143632952638,
        "Louis Armstrong New Orleans International": 0.1970853920247542,
        "McCarran International": 0.198241955494549,
        "McGhee Tyson": 0.1585040071237756,
        "Memphis International": 0.1676670441676104,
        "Metropolitan Oakland International": 0.20469946559418215,
        "Miami International": 0.18782054393373132,
        "Minneapolis-St Paul International": 0.15250589596205064,
        "Myrtle Beach International": 0.22156306422491617,
        "Nashville International": 0.19310901655169993,
        "Newark Liberty International": 0.2549252186290262,
        "Norfolk International": 0.17742031222176055,
        "Northwest Arkansas Regional": 0.17806901526992905,
        "Ontario International": 0.15784081449702247,
        "Orange County": 0.1560505036175344,
        "Orlando International": 0.21709161209348463,
        "Palm Beach International": 0.21094055260954508,
        "Palm Springs International": 0.18394122277617422,
        "Pensacola Regional": 0.21377101681345076,
        "Philadelphia International": 0.17975391636100446,
        "Phoenix Sky Harbor International": 0.19109698459602859,
        "Piedmont Triad International": 0.16558230318802863,
        "Pittsburgh International": 0.15502821588771523,
        "Port Columbus International": 0.15506193934216148,
        "Portland International": 0.12745887495686184,
        "Portland International Jetport": 0.21490880253766853,
        "Puerto Rico International": 0.3114754098360656,
        "Raleigh-Durham International": 0.18712122931656716,
        "Reno/Tahoe International": 0.14359011417834947,
        "Richmond International": 0.16767723880597016,
        "Rochester Monroe County": 0.17120577281191807,
        "Ronald Reagan Washington National": 0.18122711778815806,
        "Sacramento International": 0.14682169226852246,
        "Salt Lake City International": 0.13532871585073178,
        "San Antonio International": 0.15207850133809098,
        "San Diego International Lindbergh Fl": 0.1721368769319188,
        "San Francisco International": 0.21995245750247974,
        "San Jose International": 0.14761706844001107,
        "Sanford NAS": 0.15066828675577157,
        "Savannah/Hilton Head International": 0.17910714285714285,
        "Seattle International": 0.16995963673057518,
        "Southwest Florida International": 0.1771981489272192,
        "Spokane International": 0.1288036681950813,
        "Standiford Field": 0.1621540852310083,
        "Stapleton International": 0.2255469643909712,
        "Syracuse Hancock International": 0.1539209726443769,
        "Tampa International": 0.17949690784231892,
        "Theodore Francis Green State": 0.16782482223658693,
        "Truax Field": 0.15828029302269725,
        "Tucson International": 0.1428893735429044,
        "Tulsa International": 0.14462774596119327,
        "Washington Dulles International": 0.15668193084905263,
        "Will Rogers World": 0.16707168894289187,
        "William P Hobby": 0.2463358127057676
    },
    "day_rates": {
        "1": 0.19781033221781433,
        "2": 0.1744937260224749,
        "3": 0.1802533705784731,
        "4": 0.20594459206212098,
        "5": 0.19960524086935388,
        "6": 0.16895750968484027,
        "7": 0.19299907589287787
    },
    "block_rates": {
        "0001-0559": 0.07870553026876702,
        "0600-0659": 0.06910282894168754,
        "0700-0759": 0.09331040131040132,
        "0800-0859": 0.11074792033805166,
        "0900-0959": 0.1336431635882096,
        "1000-1059": 0.1518532750589866,
        "1100-1159": 0.16368192122875336,
        "1200-1259": 0.18104726515518696,
        "1300-1359": 0.1956853645004394,
        "1400-1459": 0.21894582344710106,
        "1500-1559": 0.225562914880948,
        "1600-1659": 0.2441213398849844,
        "1700-1759": 0.255166600798117,
        "1800-1859": 0.2711609545888865,
        "1900-1959": 0.28085936876386913,
        "2000-2059": 0.26782955124403873,
        "2100-2159": 0.274277180097238,
        "2200-2259": 0.24039975861409163,
        "2300-2359": 0.21269465799329784
    }
}